wrong-rule	tests	PASS
wrong-rule	coverage	PASS
wrong-rule	mutation	PASS
wrong-rule	complexity	PASS
wrong-rule	architecture	PASS
wrong-rule	security	PASS
wrong-rule	dependencies	PASS
wrong-rule	acceptance	FAIL
wrong-rule	query-budget	PASS
calibration-no-assertions	tests	PASS
calibration-no-assertions	coverage	PASS
calibration-no-assertions	mutation	PASS
calibration-no-assertions	complexity	PASS
calibration-no-assertions	architecture	PASS
calibration-no-assertions	security	PASS
calibration-no-assertions	dependencies	PASS
calibration-no-assertions	acceptance	FAIL
calibration-no-assertions	query-budget	FAIL
calibration-untested-branch	tests	PASS
calibration-untested-branch	coverage	FAIL
calibration-untested-branch	mutation	FAIL
calibration-untested-branch	complexity	PASS
calibration-untested-branch	architecture	PASS
calibration-untested-branch	security	PASS
calibration-untested-branch	dependencies	PASS
calibration-untested-branch	acceptance	FAIL
calibration-untested-branch	query-budget	FAIL
calibration-complex-method	tests	PASS
calibration-complex-method	coverage	PASS
calibration-complex-method	mutation	FAIL
calibration-complex-method	complexity	FAIL
calibration-complex-method	architecture	PASS
calibration-complex-method	security	PASS
calibration-complex-method	dependencies	PASS
calibration-complex-method	acceptance	FAIL
calibration-complex-method	query-budget	FAIL
calibration-layering	tests	PASS
calibration-layering	coverage	PASS
calibration-layering	mutation	FAIL
calibration-layering	complexity	PASS
calibration-layering	architecture	FAIL
calibration-layering	security	PASS
calibration-layering	dependencies	PASS
calibration-layering	acceptance	FAIL
calibration-layering	query-budget	FAIL
calibration-sql-from-input	tests	PASS
calibration-sql-from-input	coverage	PASS
calibration-sql-from-input	mutation	PASS
calibration-sql-from-input	complexity	PASS
calibration-sql-from-input	architecture	PASS
calibration-sql-from-input	security	PASS
calibration-sql-from-input	dependencies	PASS
calibration-sql-from-input	acceptance	FAIL
calibration-sql-from-input	query-budget	FAIL
calibration-vulnerable-dependency	tests	PASS
calibration-vulnerable-dependency	coverage	PASS
calibration-vulnerable-dependency	mutation	PASS
calibration-vulnerable-dependency	complexity	PASS
calibration-vulnerable-dependency	architecture	PASS
calibration-vulnerable-dependency	security	PASS
calibration-vulnerable-dependency	dependencies	FAIL
calibration-vulnerable-dependency	acceptance	FAIL
calibration-vulnerable-dependency	query-budget	FAIL
idor	tests	PASS
idor	coverage	PASS
idor	mutation	PASS
idor	complexity	PASS
idor	architecture	PASS
idor	security	PASS
idor	dependencies	PASS
idor	acceptance	FAIL
idor	query-budget	PASS
dead-flag	tests	PASS
dead-flag	coverage	PASS
dead-flag	mutation	PASS
dead-flag	complexity	PASS
dead-flag	architecture	PASS
dead-flag	security	PASS
dead-flag	dependencies	PASS
dead-flag	acceptance	PASS
dead-flag	query-budget	PASS
n-plus-one	tests	PASS
n-plus-one	coverage	PASS
n-plus-one	mutation	PASS
n-plus-one	complexity	PASS
n-plus-one	architecture	PASS
n-plus-one	security	PASS
n-plus-one	dependencies	PASS
n-plus-one	acceptance	PASS
n-plus-one	query-budget	FAIL
race	tests	PASS
race	coverage	PASS
race	mutation	PASS
race	complexity	PASS
race	architecture	PASS
race	security	PASS
race	dependencies	PASS
race	acceptance	FAIL
race	query-budget	PASS
calibration-sql-from-input	tests	PASS
calibration-sql-from-input	coverage	PASS
calibration-sql-from-input	mutation	FAIL
calibration-sql-from-input	complexity	PASS
calibration-sql-from-input	architecture	PASS
calibration-sql-from-input	security	PASS
calibration-sql-from-input	dependencies	PASS
calibration-sql-from-input	acceptance	FAIL
calibration-sql-from-input	query-budget	FAIL
